symbol,name,sector,bse_code
TCS,Tata Consultancy Services,IT,532540
INFY,Infosys,IT,500209
HCLTECH,HCL Technologies,IT,532281
WIPRO,Wipro,IT,507685
HDFCBANK,HDFC Bank,Banks,500180
ICICIBANK,ICICI Bank,Banks,532174
AXISBANK,Axis Bank,Banks,532215
KOTAKBANK,Kotak Mahindra Bank,Banks,500247
TATAMOTORS,Tata Motors,Auto,500570
MARUTI,Maruti Suzuki,Auto,532500
M&M,Mahindra & Mahindra,Auto,500520
BAJAJ-AUTO,Bajaj Auto,Auto,532977
ASIANPAINT,Asian Paints,Consumer,500820
HINDUNILVR,Hindustan Unilever,Consumer,500696
NESTLEIND,Nestle India,Consumer,500790
TITAN,Titan Company,Consumer,500114
ULTRACEMCO,UltraTech Cement,Materials,532538
TATASTEEL,Tata Steel,Materials,500470
LT,Larsen & Toubro,Industrials,500510
SUNPHARMA,Sun Pharmaceutical,Pharma,524715